"1","aaa","aaa","aaa","aaa","aaa",,"uploads/5a4cf4ebacef18.60199694halo.epub","uploads/5a4cf4cfdb6bf7.83485446halo.mobi",
"2","proszedzialaj","proszedzialaj","proszedzialaj","proszedzialaj","proszedzialaj","uploads/5a527abca6d1e1.82985385halo.pdf","uploads/5a527abca8b013.60401085halo.epub","uploads/5a527abcaa8c02.89985219halo.mobi","uploads/5a527abcac03f8.75516455halo.zip"
"3","jeszczetakitestsezrobie","jeszczetakitestsezrobie","jeszczetakitestsezrobie","jeszczetakitestsezrobie","jeszczetakitestsezrobie","uploads/5a527c3b09d402.78799469halo.pdf",,"uploads/5a527c3b0b8836.37204120halo.mobi",
"4","ttt","tttt","ttt","ttt","ttt",,"uploads/5a54e64a1ebb79.60423295halo.epub",,
"a1","a2","a3","a4","a5","aa"
"aaa","aaaaa","aa","a","v","Array"
"aaa","aaaaa","aa","a","v","Array"
"aaa","aaaaa","aa","a","v","Array"
"aaa","aaaaa","aa","a","v","Array"
"aaa","aaaaa","aa","a","v","Array"
"aaa","aaaaa","aa","a","v","Array"
"ph","ph","phh","2019","pp","Array"
"lalala","sdasd","asfsd","qasfas","afsdfasre","Array"
"lalala","sdasd","asfsd","qasfas","afsdfasre","Array"
"111","111","111","111","1111","Array"
"111","111","111","111","1111","Array"
"fff","fff","fff","fff","fff","Array"
"vv","aa","vv","vv","vv","Array"
"vv","aa","vv","vv","vv","Array"
"vv","aa","vv","vv","vv","Array"
"eee","ee","e","e","eeeee","Array"
"eee","ee","e","e","eeeee","Array"
"aa","s","ca","gerg","as","Array"
"1","admin@admin.admin","admin","$2y$10$npybL.Dq94r01nr5bSCzxeAG49uLG0le3F1kBzIYHiq7/KLB.HwMa"
"25","user@user.com","user","$2y$10$xWR4r/gAp8lztzEl9uQr3OX9AvELulssDc./CWNvjbkg936mYC4GG"
